Title,Authors,Publication Year,DOI,DB,Población estudiada,Método de DL usado,"Datos emocionales usados (facial, voz, texto)",Emociones descritas,Técnicas de IA utilizadas,Base de datos,Árbol de emociones,Resultados principales,Limitaciones,Estado inicial
a 10.13µj/classification 2-channel deep neural network based soc for negative emotion outburst detection of autistic children,"Aslam AR, Altaf MAB.",2021,10.1109/TBCAS.2021.3113613,"PubMed, Scopus, WoS",,,,,,,,,,"Excluido, no esta en sci-hub"
a machine learning investigation into the temporal dynamics of physical activity-mediated emotional regulation in adolescents with anorexia nervosa and healthy controls,"Lekkas D, Gyorda JA, Jacobson NC.",2023,10.1002/erv.2949,"PubMed, Scopus, WoS",adolescentes con anorexia nerviosa (AN) y sanos (12 y 20 años),LEML,"Actigrafía, Autoinformes de Afecto        ","jovialidad, hostilidad, atención, seguridad en uno mismo, tristeza, miedo, culpa y dos dimensiones generales de afecto positivo y negativo","ML, específicamente un marco de conjunto",Datos propios,No reporta,"1. Entre los adolescentes con anorexia nerviosa, los retrasos posteriores (≥2,5 horas) fueron importantes para predecir cambios en las emociones negativas como la hostilidad, la tristeza, el miedo y la culpa.
2. Se descubrió que el constructo holístico del ""afecto negativo"" era significativamente predecible entre los adolescentes con anorexia nerviosa.
3. Sólo la jovialidad y la seguridad en uno mismo, ambos constructos con valencia positiva, fueron significativamente predecibles entre los modelos de control específicos sanos.
4. El estudio reveló una asociación singularmente detectable entre la actividad física y el afecto negativo entre individuos con anorexia nerviosa, así como una asociación singularmente detectable entre la actividad física y constructos relacionados con el afecto positivo entre los controles sanos 1.1 .","1. Heterogeneidad en la representación del subtipo de anorexia nerviosa (AN) entre los participantes, con una mayoría de subtipo restrictivo, lo que limita la generalización de los hallazgos a distintos subtipos de AN.
2. Los participantes de control sanos fueron reclutados de boca en boca, lo que potencialmente representa una muestra de conveniencia, lo que también limita la generalización de los hallazgos.
3. La muestra más pequeña del estudio, junto con un número limitado de evaluaciones ecológicas momentáneas (EMA) representativas por persona, condujo a un grave desequilibrio de clases después de la estratificación en algunos casos, especialmente en la prueba retenida establecida en varios resultados afectivos para controles sanos.
4. Los resultados del estudio reflejaron un grado de sobreajuste del modelo durante el entrenamiento, lo que sugiere idiosincrasia y variabilidad en la naturaleza de las asociaciones entre actividad física y regulación emocional.
5. El estudio no diferenció entre emociones positivas y negativas específicas, y se necesita más investigación para explorar la generalización de los hallazgos a otras poblaciones de estudio de AN 1,1 1,2 .",
a predictive multimodal framework to alert caregivers of problem behaviors for children with asd (premac),"Zheng ZK, Staubitz JE, Weitlauf AS, Staubitz J, Pollack M, Shibley L, Hopton M, Martin W, Swanson A, Juárez P, Warren ZE, Sarkar N.",2021,10.3390/s21020370,"PubMed, Scopus, WoS",niños (4 a 15 años) con Trastorno del Espectro Autista (TEA) ,"RF, KNN, DT, NN, SVM, DA y NB","Fisiológicos (Movimiento corporal, Expresiones faciales, Rotaciones de cabeza, Estados de comportamiento)",No especifica,"ML con RF, KNN, DT, NN, SVM DA y NB",No reporta,No reporta,"1. El estudio desarrolló un marco predictivo multimodal, PreMAC, para alertar a los cuidadores sobre conductas problemáticas en niños con trastorno del espectro autista (TEA) 1,1 1,2 .
2. El marco integró la recopilación de datos de múltiples modalidades, incluidas señales fisiológicas, características basadas en el movimiento y expresiones faciales, para predecir y alertar a los cuidadores sobre precursores de conductas problemáticas en niños con TEA 1.3 1.4 .
3. El estudio demostró la viabilidad del protocolo experimental y la plataforma PreMAC, indicando que los niños con TEA toleraron bien la plataforma y el protocolo experimental, sin que se produjeran conductas problemáticas peligrosas o disruptivas 1.2 .
4. El equipo de investigación obtuvo el consentimiento informado de todos los sujetos involucrados en el estudio y garantizó la privacidad de los datos de los participantes 1.5 .","1. El estudio reconoció que la plataforma propuesta tiene limitaciones para capturar precursores fisiológicos que no son observables por los humanos, lo que indica que existen señales fisiológicas que el sistema tal vez no pueda detectar 1.1 .
2. La plataforma se validó en una muestra relativamente pequeña de siete niños con TEA, lo que puede limitar la generalización de los hallazgos a una población más amplia 1.1 .
3. El estudio no especificó el uso de una base de datos particular para la investigación, lo que puede limitar la reproducibilidad y accesibilidad de los datos utilizados en el estudio 1.2 .",
adolescents with borderline personality disorder show a higher response to stress but a lack of self-perception: evidence through affective computing,"Bourvis N, Aouidad A, Spodenkiewicz M, Palestra G, Aigrain J, Baptista A, Benoliel JJ, Chetouani M, Cohen D.",2021,10.1016/j.pnpbp.2020.110095,"PubMed, Scopus, WoS",adolescentes (13-18 años ),No especifica,"Video (movimientos corporales, puntos faciales), Fisiológicos (presión arterial, frecuencia cardíaca, temperatura, etc.)","emociones y los sentimientos relacionados con el estrés, la autopercepción y la heteropercepción del estrés","ML con SVM, NB, AdaBoost y C4.5",Datos propios,No reporta,"1. El estudio demostró que la tarea utilizada para evaluar las reacciones al estrés agudo fue eficaz tanto para los controles sanos como para los adolescentes con trastorno límite de la personalidad (TLP) 1.1 .
2. La investigación reveló que la tarea desencadenó principalmente la respuesta del sistema nervioso autónomo, en lugar de la respuesta hipotalámica-pituitaria-suprarrenal (HPA), como lo demuestra la falta de respuesta de cortisol en ambos grupos 1.1 .
3. El enfoque de computación afectiva para el estrés produjo clasificaciones de aprendizaje automático similares a las de los adultos, con una clasificación multimodal basada en datos fisiológicos más características de movimiento que arrojaron excelentes puntuaciones F1 1.1 .
4. El estudio encontró que los adolescentes con TLP mostraron una mayor respuesta al estrés en comparación con los controles sanos, y hubo una falta de autopercepción en los adolescentes con TLP 1.11.2 .","1. El pequeño tamaño de la muestra, que se determinó sobre la base del estudio inicial, puede limitar la generalización de los hallazgos 1.11.2 .
2. El estudio comparó a adolescentes con TLP con controles sanos, pero no los comparó con sujetos con otros diagnósticos, lo que podría haber proporcionado una comprensión más amplia de los hallazgos 1.2 .
3. La clasificación del aprendizaje automático puede parecer difícil de interpretar y existe la posibilidad de sobreajustar los datos de comportamiento asociados con la heteropercepción 1.3 .
4. El estudio no tuvo el poder para explorar correlaciones entre las respuestas al estrés y otras dimensiones clínicas o antecedentes, como depresión, tendencias suicidas, ansiedad, apego o trauma infantil 1.11.2 .",
behavioral observation and assessment protocol for language and social-emotional development study in children aged 0-6: the chinese baby connectome project,"Xu X, Wang Z, Zhang W, Guo J, Wei W, Zhang M, Ding X, Liu X, Yang Q, Wang K, Zhu Y, Sun J, Song H, Shen Z, Chen L, Shi F, Wang Q, Li Y, Zhang H, Li D.",2024,10.1186/s40359-024-02031-x,"PubMed, Scopus, WoS",niños (0-6 años),LSTM y CNN,"Video (segmentado en fotogramas, mapas de atención)",No especifica,IA y DL con LSTM y CNN,No reporta,No reporta,"El documento no proporciona detalles específicos sobre los principales hallazgos de la investigación, ya que describe principalmente los objetivos, métodos y herramientas utilizados en el estudio. 
1. Sin embargo, sí enfatiza el enfoque del estudio en desarrollar un conjunto de herramientas de evaluación integral para el desarrollo del lenguaje y socioemocional en niños de 0 a 6 años, abordando las necesidades y contextos específicos de la población china p. 4 . 
2. Además, el estudio tiene como objetivo identificar factores protectores y de riesgo que impactan el desarrollo socioemocional y del lenguaje en los niños, y emplea un diseño de cohorte longitudinal acelerado para monitorear el lenguaje y los resultados socioemocionales de los niños en varias etapas del desarrollo p. 7 .","1. Reconoce que la naturaleza compleja de los factores ambientales puede presentar desafíos a la hora de desentrañar sus contribuciones al lenguaje y al desarrollo socioemocional. 
2. la integración de herramientas de evaluación basadas en tecnología y datos fisiológicos y de neuroimagen multimodal puede generar preocupaciones éticas y de privacidad. 
3. La generalización de los hallazgos del estudio puede verse afectada por factores como las diferencias culturales y las disparidades socioeconómicas en las poblaciones estudiadas. 
5. Además, la naturaleza longitudinal de la evaluación del lenguaje y el desarrollo socioemocional en niños pequeños puede presentar desafíos logísticos y éticos que requieren una cuidadosa consideración durante todo el proceso de investigación p. 14p . 15 . ",
bridging the gap between emotion and joint action,"Bieńkiewicz MMN, Smykovskyi AP, Olugbade T, Janaqi S, Camurri A, Bianchi-Berthouze N, Björkman M, Bardy BG.",2021,10.1016/j.neubiorev.2021.08.014,"PubMed, Scopus, WoS","bebés, niños en edad preescolar y escolar, adolescentes y adultos jóvenes",RNN y AG-GCN. ,"imágenes, vídeos y señales fisiológicas",No especifica,"ML, DL y NN como RNN y AG-GCN",No reporta,No reporta,"1. Entrelazamiento de las emociones y la acción conjunta, enfatizando la necesidad de un enfoque integrador para comprender cómo las emociones influyen en las acciones conjuntas y viceversa 1.1 . 
2. El estudio también presenta evidencia sobre el impacto de las emociones en las interacciones sociales y el reconocimiento de las emociones en entornos grupales 1.2 . 
3. la investigación destaca el uso de modelos matemáticos, como redes neuronales recurrentes y redes neuronales convolucionales de gráficos grupales, para capturar emociones y analizar el comportamiento grupal ",,
detecting clinically relevant emotional distress and functional impairment in children and adolescents: protocol for an automated speech analysis algorithm development study,"Alemu Y, Chen H, Duan C, Caulley D, Arriaga RI, Sezgin E.",2023,10.2196/46970,"PubMed, Scopus, WoS",niños y adolescentes (5-18 años),RNN y LSTM,Audio,"ira, felicidad, miedo, neutral y tristeza","DL, con GMM, RNN y LSTM",No reporta,No reporta,"Los principales hallazgos de la investigación no se proporcionan explícitamente en los extractos. Sin embargo, los resultados preliminares del estudio indican que el algoritmo desarrollado tiene el potencial de mejorar los resultados relacionados con la detección de angustia emocional y deterioro funcional clínicamente relevante en niños y adolescentes p. 1 pág. 6 . ","1. la calidad y variabilidad de los datos del habla, el ruido de fondo y los trastornos del habla, que pueden afectar la precisión y confiabilidad de los biomarcadores. 
2. Además, la población de la muestra puede no ser representativa de la población general de EE. UU., lo que limita la generalización de los hallazgos. Las consideraciones legales y regulatorias, como las reglas de privacidad y el cumplimiento de las regulaciones, también pueden limitar el uso del algoritmo p. 6p . 7 . ",
ds-cnn: deep convolutional neural networks for facial emotion detection in children with down syndrome during dolphin-assisted therapy,"Moreno Escobar JJ, Morales Matamoros O, Aguilar Del Villar EY, Quintana Espinosa H, Chanona Hernández L.",2023,10.3390/healthcare11162295,"PubMed, Scopus, WoS",niños con Síndrome de Down,DS-CNN y machine vision,Imagenes (expresiones faciales) y Fisiológicos (ECG),"alegría, neutral, tristeza, sorpresa, atencion, calma, desagrado","DL, redes neuronales","Down’s Syndrome Dataset (DSDS), que contiene imágenes de las expresiones faciales de niños con Síndrome de Down.",No reporta,"1. Efectividad del Reconocimiento de Emociones: Se desarrolló un modelo de reconocimiento de emociones utilizando redes neuronales convolucionales (CNN) que puede clasificar con alta precisión las emociones de los niños con Síndrome de Down durante la terapia asistida por delfines.
2. Mejora en la Personalización de la Terapia: Al comprender las respuestas emocionales de los niños, los terapeutas pueden adaptar las sesiones de terapia para satisfacer mejor las necesidades emocionales individuales, lo que potencialmente mejora los resultados terapéuticos.
3. Identificación de Patrones Emocionales: El estudio permite el monitoreo y seguimiento de las emociones a lo largo de las sesiones de terapia, lo que ayuda a identificar patrones o desencadenantes que pueden influir en el progreso del niño.
4. Contribución a un Entorno Terapéutico Empático: Al tener una mejor comprensión de las emociones de los niños con Síndrome de Down, se puede fomentar un ambiente terapéutico más solidario y empático, promoviendo su desarrollo emocional y crecimiento general.
5. Integración de Técnicas Avanzadas: La investigación combina técnicas de visión artificial y aprendizaje profundo, lo que representa un avance significativo en el campo del reconocimiento de emociones en poblaciones con dificultades de comunicación p2, 6, 20","1. Tamaño Limitado de la Base de Datos: El modelo fue entrenado con un conjunto de datos relativamente pequeño, lo que podría afectar la generalizabilidad de los resultados. Un tamaño de muestra limitado puede no capturar completamente la variabilidad en las expresiones faciales de los niños con Síndrome de Down durante la terapia.
2. Variabilidad en las Emociones: La diversidad en las respuestas emocionales de los niños puede no estar completamente representada en el conjunto de datos utilizado, lo que podría limitar la capacidad del modelo para reconocer todas las emociones de manera efectiva.
3. Falta de Comparaciones Directas: No se encontraron otros estudios que utilizaran el mismo conjunto de datos, lo que dificulta la comparación directa de los resultados y la validación del enfoque propuesto.
4. Desafíos en la Implementación en Tiempo Real: Aunque el modelo logra el reconocimiento de emociones en tiempo real, la implementación práctica en entornos terapéuticos puede enfrentar desafíos técnicos y logísticos que no se abordaron en el estudio.
5. Limitaciones en la Evaluación de Resultados: La evaluación de la efectividad del modelo se basa en un conjunto de datos de prueba que puede no reflejar completamente el rendimiento en situaciones del mundo real, donde las condiciones pueden variar significativamente p. 2 p.19 ",
emotional ai in education and toys: investigating moral risk awareness in the acceptance of ai technologies from a cross-sectional survey of the japanese population,"Ho MT, Mantello P, Vuong QH.",2024,10.1016/j.heliyon.2024.e36251,"PubMed, Scopus, WoS",población japonesa,No especifica,Audio y Fisiológicos (biometricos),"frustración, el estrés y la felicidad ",IA,No reporta,No reporta,"1. correlación negativa significativa entre las actitudes hacia la IA emocional tanto en las escuelas como en los juguetes y las preocupaciones sobre las violaciones de la privacidad o la naturaleza distópica de monitorear constantemente las emociones de los niños y estudiantes con IA 1.1 . 
2. actitud ambivalente hacia las herramientas afectivas en el aula japonesa, indicando que si bien los profesores y los padres acogen con agrado los beneficios de las nuevas tecnologías, también sienten que la tecnología debe ser supervisada de cerca por adultos responsables 1.2 . 
3. se identifica diferencias estadísticamente significativas entre los sexos en diversas variables relacionadas con las preocupaciones sobre los juguetes emocionales de IA y su interacción con los niños 1.3 . 
4. revela una correlación significativa negativa entre la preocupación por la violación de la privacidad y la actitud hacia la IA emocional tanto en las escuelas como en los juguetes, lo que indica una preocupación compartida sobre las implicaciones de la IA emocional para la privacidad en ambos contextos 1.4 .","1. enfoque exclusivo en Japón, lo que puede restringir la generalización de los resultados a un contexto internacional más amplio 1.1 . 
2. el formato de la encuesta con una pregunta basada en Likert por variable podría no captar los pensamientos complejos que tiene un encuestado sobre estas variables, lo que indica una posible limitación en la profundidad de la comprensión de las perspectivas de los encuestados 1.2 . 
3. el estudio reconoce que no todos los valores importantes en la cultura educativa y de crianza infantil japonesa se tienen en cuenta debido a las limitaciones impuestas por el formato de la encuesta en línea, lo que sugiere una posible limitación en la exhaustividad de la encuesta 1.3 . ",
fear recognition for women using a reduced set of physiological signals,"Miranda JA, Canabal MF, Gutiérrez-Martín L, Lanza-Gutierrez JM, Portela-García M, López-Ongil C.",2021,10.3390/s21051587,"PubMed, Scopus, WoS",Mujeres,"SVM, KNN y ENS ","Fisiológicos (ECG, GSR, SKT)        ",miedo,"ML y DL con SVM, KNN y ENS","MIT, DEAP, MAHNOB, DECAF, ASCERTAIN y WESAD",No reporta,"1. El estudio se centra en el desarrollo de un sistema especializado de reconocimiento del miedo para mujeres basado en un conjunto reducido de señales fisiológicas, con el objetivo de proteger a personas vulnerables en escenarios como agresiones personales, violencia de género o agresión sexual p. 3 . 
2. La investigación enfatiza la importancia de las señales fisiológicas como una valiosa fuente de información relacionada con el contexto emocional humano, particularmente para reconocer la emoción discreta del
 miedo p. 3 . 
3. El estudio analiza el uso de técnicas de aprendizaje automático y aprendizaje profundo, como la máquina de vectores de soporte (SVM), el k-vecino más cercano (KNN), los clasificadores de conjunto (ENS) y las redes neuronales profundas, para el reconocimiento de emociones basado en datos fisiológicos p. 6p. 10 . 
4. La investigación destaca la necesidad de bases de datos abiertas y equilibradas para la emoción del miedo utilizando señales fisiológicas y considerando la perspectiva de género, ya que las bases de datos actuales carecen de equilibrio y perspectiva de género p. 5 . 
5. El estudio identifica las limitaciones de la investigación actual, enfatizando la necesidad de un conjunto de datos novedoso centrado en la detección del miedo, incluido el uso de tecnología de inmersión emocional, la modificación de la metodología de etiquetado para considerar la perspectiva de género y una distribución de estímulos adecuadamente equilibrada con respecto al objetivo. emociones y un mayor número de participantes p. 18 . 
","1. El estudio reconoce las limitaciones del conjunto de datos utilizado, enfatizando la necesidad de un conjunto de datos mejor y más grande para crear un sistema más confiable, particularmente para la detección 
del miedo  . 18  . 
2. La investigación destaca las limitaciones del enfoque de segmentación de datos utilizado, especialmente cuando se trata de señales fisiológicas que cambian lentamente, y sugiere la necesidad de diferentes técnicas para tener en cuenta diversas particularidades fisiológicas sin desperdiciar información p 17  . 
3. El estudio enfatiza la necesidad de un conjunto de datos novedoso centrado en la detección del miedo, incluido el uso de tecnología de inmersión emocional, la modificación de la metodología de etiquetado para considerar la perspectiva de género y una distribución de estímulos adecuadamente equilibrada con respecto a las emociones objetivo y un mayor número de participantes p 18  . ",
"texto, audio, video y estimulación pictórica. Estos estímulos se utilizaron para registrar datos fisiológicos cuando las emociones se exhibían en un entorno virtual, y se registraron señales EEG durante los diferentes tipos de estimulaciones cognitivas emocionales","ArulDass SD, Jayagopal P.",2022,10.3390/diagnostics12123188,"PubMed, Scopus, WoS",adolescentes (15-25 años),"CNN, RNN, SVM, KNN, ANN","Texto, Audio, Video y Fisiológicos (ondas cerebrales, ECG) ","placer, dolor, felicidad, ira y tristeza","DL, redes neuronales",No reporta,No reporta,"1. El estudio tuvo como objetivo categorizar estados afectivos complejos, particularmente placer y pena, en adolescentes afectados por alexitimia utilizando señales EEG, técnicas de aprendizaje automático y un entorno virtual multimodal 1.1 1.2 .
2. El estudio empleó con éxito enfoques de aprendizaje automático, incluidas máquinas de vectores de soporte (SVM), para separar y clasificar rigurosamente emociones complejas según la frecuencia del tiempo y las características correlacionales extraídas de las señales de EEG 1.2 1.3 .
3. La investigación identificó características y patrones de ondas cerebrales importantes asociados con la discriminación entre emociones de placer y pena, centrándose particularmente en la relevancia del hemisferio izquierdo en la identificación de emociones 1.4 .
4. El estudio también evaluó la intensidad emocional y las calificaciones de retroalimentación basadas en estimulación multimodal, como texto, audio y video, para comprender las experiencias emocionales subjetivas de los participantes 1,5 .",No reporta,
improved digital therapy for developmental pediatrics using domain-specific artificial intelligence: machine learning study,"Washington P, Kalantarian H, Kent J, Husic A, Kline A, Leblanc E, Hou C, Mutlu OC, Dunlap K, Penev Y, Varma M, Stockham NT, Chrisman B, Paskov K, Sun MW, Jung JY, Voss C, Haber N, Wall DP.",2022,10.2196/26760,"PubMed, Scopus, WoS",niños con afecciones del desarrollo y del comportamiento,CNN,Video (expresiones faciales)        ,"ira, disgusto, miedo, felicidad, tristeza, sorpresa y neutral","ML, CNN","Expresión facial femenina japonesa (JAFFE), imágenes de AffectNet, el conjunto de datos de Cohn-Kanade extendido (CK+) y el conjunto de datos de Expresión facial afectiva infantil (CAFE), que es el conjunto de datos más grande de expresiones faciales de niños y se ha convertido en un punto de referencia estándar para este campo",Clasificación de emociones básicas de Ekman + neutro.,"1. El estudio demostró con éxito el uso de una canalización para etiquetar de forma inteligente y continua fotogramas de imágenes recopilados pasivamente desde juegos móviles para generar suficientes datos de entrenamiento para un clasificador de visión por computadora de alto rendimiento, en relación con trabajos anteriores p. 9 . 
2. El estudio seleccionó un conjunto de datos que contiene imágenes enriquecidas con expresiones faciales naturalistas de niños, incluidos, entre otros, niños con autismo p. 9 .  ","1. el uso de siete categorías de emociones discretas y distintas, la presencia de evocaciones de emociones falsas en el conjunto de datos debido a restricciones éticas y la falta de abordar emociones complejas o compuestas. 
2. Además, el estudio no separó categorías de emociones complejas o compuestas, como ""felizmente sorprendida"" o ""temerosamente sorprendida"", y no exploró la posibilidad de predecir expresiones faciales compuestas y complejas. 
3. Además, el estudio reconoció la necesidad de una investigación más exhaustiva de las clases de emociones finales y el desafío de encontrar una solución al problema de la evocación de emociones falsas que apaciguaría a los comités de revisión ética  p. 10
",
"improvement of attention-deficit/hyperactivity disorder symptoms in school-aged children, adolescents, and young adults with autism via a digital smartglasses-based socioemotional coaching aid: short-term, uncontrolled pilot study","Vahabzadeh A, Keshav NU, Salisbury JP, Sahin NT.",2018,10.2196/mental.9631,"PubMed, Scopus, WoS","niños, adolescentes y adultos jóvenes con trastorno del espectro autista (TEA)",No reporta,"Imágenes (rostros humanos, expresiones faciales)",No especifica,"El sistema Empowered Brain incorpora tecnologías de inteligencia artificial (IA) desarrolladas por Amazon y utiliza tecnologías experimentales de IA p. 3 . Sin embargo, los modelos matemáticos específicos, como el aprendizaje profundo, el aprendizaje automático o las redes neuronales, no se mencionan explícitamente en los extractos del documento proporcionado. Por lo tanto, no se especifican los tipos exactos de modelos matemáticos utilizados. ",No reporta,No reporta,"1. El estudio reclutó a 8 niños, adolescentes y adultos jóvenes con trastorno del espectro autista (TEA) y midió sus síntomas relacionados con el TDAH utilizando la subescala de hiperactividad de la Lista de verificación de comportamiento aberrante (ABC-H),  p. 1  pág. 5  . Los participantes recibieron una intervención con el sistema 
Empowered Brain, que implicó el uso de módulos de comportamiento y comunicación social basados ​​en gafas inteligentes mientras interactuaban con su cuidador  p. 1  . 
2. Las puntuaciones ABC-H informadas por los cuidadores se calcularon a las 24 y 48 horas después de la sesión, y un cambio clínicamente significativo en ABC-H se determinó mediante un cambio del 25 % o más en la puntuación  p. 1  pág. 5  . 
3. El estudio encontró que el grupo de síntomas altos relacionados con el TDAH mostró una reducción en las puntuaciones ABC-H tanto a las 24 horas (reducción del 37,6%) como a las 48 horas (reducción del 56,4%) después de la sesión. El grupo de síntomas bajos relacionados con el TDAH pareció mostrar una respuesta a las 48 horas (reducción del 66,3%), pero no a las 24 horas (reducción del 20,0%)  . 8  . 
4. El estudio también observó que no hubo angustia o problemas notables reportados por los participantes mientras usaban las gafas inteligentes durante la sesión de entrenamiento  p. 8  . ","1. Falta de un grupo de control: La ausencia de un grupo de control limita la capacidad de comparar los efectos de la intervención con un grupo que no la recibió  p. 8  . 
2. Tamaño de muestra pequeño: el estudio incluyó solo 8 participantes, lo cual, aunque es relativamente grande en comparación con otras investigaciones sobre tecnologías novedosas en TEA, sigue siendo un tamaño de muestra pequeño  p. 8  . 
3. Necesidad de enfoques cualitativos: si bien el estudio utilizó enfoques cuantitativos, se sugirió que los esfuerzos de investigación futuros se beneficiarían del uso de enfoques cualitativos para proporcionar una comprensión más integral del impacto de la intervención  p. 8  . 
4. Posible efecto de expectativa: el estudio reconoció el potencial de un efecto de expectativa en el uso de la tecnología, dado que la sesión de prueba fue una experiencia novedosa tanto para el participante como para el cuidador  p. 8  . 
5. Usabilidad y tolerabilidad: aunque el estudio informó que todos los participantes toleraron el uso de gafas inteligentes durante la sesión de prueba, la usabilidad y tolerabilidad de la tecnología son factores importantes que podrían influir en su efectividad  p8  ",
influence of pokemon go on physical activity and psychosocial well-being in children and adolescents: systematic review,"Liang H, Wang X, An R.",2023,10.2196/49019,"PubMed, Scopus, WoS",niños y adolescentes (menores de 18 años),No reporta,Fisiológicos (biometricos),"inteligencia emocional, bienestar personal, autocontrol, emocionalidad, sociabilidad, temperamento y bienestar ",No especifica,No reporta,No reporta,"1. La revisión identificó un número limitado de estudios que cumplieron con los criterios de inclusión, lo que indica una escasez de investigaciones exhaustivas en esta área  p. 10  . 
2. Los estudios incluidos en la revisión mostraron heterogeneidad en la ubicación geográfica, el entorno y el diseño del estudio, lo que complica la generalización de los hallazgos  p. 10  . 
3. Ninguno de los estudios incluidos adoptó un diseño de ensayo controlado aleatorio (ECA), lo que genera inquietudes sobre la validez interna de los hallazgos  p. 10  . 
4. Las diversas medidas utilizadas para la actividad física y el bienestar psicosocial en los estudios incluidos impidieron un metanálisis, lo que limitó la revisión a una síntesis narrativa  p. 10  . 
5. La revisión destacó la necesidad de una mayor estandarización en las herramientas de medición para garantizar evaluaciones consistentes y completas de la actividad física y el bienestar psicosocial en futuras investigaciones  p. 11  . 
","1. Ninguno de los estudios incluidos adoptó un diseño de ensayo controlado aleatorio (ECA), lo que genera inquietudes sobre la validez interna de los hallazgos p. 10 . 
2. El número relativamente pequeño de estudios incluidos en la revisión puede limitar la exhaustividad y generalización de los resultados p. 10 . Las diversas medidas utilizadas para la actividad física y el bienestar psicosocial en los estudios incluidos impidieron un metanálisis, limitando así la revisión a una síntesis narrativa p. 10 . 
3. Los tamaños de muestra pequeños o medianos en los estudios incluidos no fueron representativos a nivel nacional o regional, lo que puede afectar la generalización de los hallazgos a la población infantil y adolescente más amplia p. 10 . 
4. Ningún estudio evaluó la actividad física y el bienestar psicosocial simultáneamente, lo que dificulta comprender cómo estos dos factores pueden interactuar e influir en el impacto general de Pokémon GO en niños y adolescentes p. 10 . 
5. La variedad de instrumentos para evaluar el bienestar psicosocial y la actividad física introduce posibles inconsistencias en la captura de comportamientos y la evaluación de impactos p. 10 .",
key factors selection on adolescents with non-suicidal self-injury: a support vector machine based approach,"Yang J, Chen Y, Yao G, Wang Z, Fu X, Tian Y, Li Y.",2022,10.3389/fpubh.2022.1049069,"PubMed, Scopus, WoS",adolescentes (10-24 años) diagnosticados con trastornos del estado de ánimo,SVM,"Texto (Encuestas, Escalas psicológicas)","ansiedad, depresión y las dificultades en la regulación de las emociones","ML, SVM",Datos propios,No reporta,"1. Factores clave identificados: El estudio identificó factores clave asociados con NSSI en adolescentes, incluido el nivel de educación del adolescente, los niveles de ansiedad y depresión, los rasgos de personalidad y el trauma infantil p. 8 . 
2. Diferencias psicológicas y de comportamiento: se observaron diferencias significativas entre los grupos con NSSI, sin NSSI y grupos de desarrollo típico (TD) en términos de variables psicológicas y de comportamiento, como ansiedad, depresión, rasgos de personalidad, capacidad de regulación de las emociones y trauma infantil p. 7 . 
3. Selección de características: el estudio empleó un modelo multivariado para explorar factores de riesgo, revelando interacciones entre factores y destacando la importancia de la selección de características para una clasificación precisa de los trastornos del estado de ánimo p. 9 . 
4. Precisión de clasificación: el método basado en SVM demostró una precisión de clasificación mejorada, lo que indica la naturaleza crítica de las características seleccionadas para una clasificación precisa de los trastornos del estado de ánimo p. 9 . 
",No reporta,
kids' emotion recognition using various deep-learning models with explainable ai,"Rathod M, Dalvi C, Kaur K, Patil S, Gite S, Kamat P, Kotecha K, Abraham A, Gabralla LA.",2022,10.3390/s22208066,"PubMed, Scopus, WoS",Niños (7-10 años),CNN,Imágenes y videos ,"felicidad, tristeza, sorpresa, miedo, enojo, disgusto y neutral.","VGGNets, ResNets, DenseNets, InceptionV3, e InceptionResNetV2",LIRIS Children Spontaneous Facial Expression Video Database y Datos propios.,No reporta,"- Las CNN utilizadas lograron una alta precisión en la detección de emociones (ResNet152 V2 alcanzó hasta 89.31% en LIRIS y 90.98% en el dataset propio).
- Se usaron técnicas como Grad-CAM y ScoreCam para hacer más comprensible cómo las CNN detectan emociones a partir de características faciales", Desequilibrio en el conjunto de datos y variación en la duración de las expresiones.,
"objectively quantifying pediatric psychiatric severity using artificial intelligence, voice recognition technology, and universal emotions: pilot study for artificial intelligence-enabled innovation to address youth mental health crisis","Caulley D, Alemu Y, Burson S, Cárdenas Bautista E, Abebe Tadesse G, Kottmyer C, Aeschbach L, Cheungvivatpant B, Sezgin E.",2023,10.2196/51912,"PubMed, Scopus, WoS",Niños y adolescentes,RNN,Audio,"ira, miedo, tristeza y felicidad","Gaussian Mixture Models, Expectation Maximization y RNN",No reporta,No reporta,"1. La detección automática de emociones a partir del habla de los pacientes mediante modelos de inteligencia artificial es factible 
2. El modelo basado en CNN demostró ser prometedor en la detección generalizada de emociones",Falta de análisis preliminar y justificación de métodos,
predicting effortful control at 3 years of age from measures of attention and home environment in infancy: a machine learning approach,"Musso MF, Moyano S, Rico-Picó J, Conejero Á, Ballesteros-Duperón MÁ, Cascallar EC, Rueda MR.",2023,10.3390/children10060982,"PubMed, Scopus, WoS",niños (3 años),ANN de perceptrón multicapa y un algoritmo de retropropagación,"Medidas de atención, variables ambientales",No especifica,ML como ANN,Datos propios,No reporta,"1. El control esforzado (CE) a los 3 años de edad podría predecirse a partir de medidas ambientales y de atención tempranas tomadas en la infancia utilizando una metodología de aprendizaje automático de redes neuronales artificiales (RNA)  p. 4  . 
2. El estudio tuvo como objetivo identificar patrones de variables individuales y ambientales entre los 6 y 9 meses de edad que podrían permitir una clasificación predictiva precisa de las dificultades de autorregulación (es decir, CE baja) a los 3 años de edad  p. 4  . 
3. Los hallazgos del estudio sugieren que la atención y la CE son aspectos clave en el desarrollo de la autorregulación  p. 13  . 
4. La investigación enfatiza el potencial de los enfoques de aprendizaje automático, como ANN, para predecir resultados de desarrollo basados ​​en medidas tempranas, proporcionando información sobre el valor predictivo de los factores ambientales y de atención temprana para dificultades de autorregulación posteriores  p. 4  .","1. El estudio solo utilizó medidas informadas por los padres sobre la CE de los niños a los 36 meses, y sería beneficioso incluir medidas objetivas de conducta autorregulada en estudios futuros  p. 15  . 
2. La investigación no consideró variables ambientales específicas como la estimulación del lenguaje y los estilos parentales, que podrían contribuir al desarrollo de la autorregulación. Además, en el estudio no se incluyeron variables individuales específicas, como factores genéticos p. 15  . 
3. El tamaño de la muestra fue pequeño y no probabilístico, lo que potencialmente afectó la generalización de las relaciones y patrones encontrados en la muestra. Se necesitan investigaciones futuras para replicar los hallazgos en muestras de niños diferentes y más grandes  p. 16  . 
",
psychophysiological arousal in young children who stutter: an interpretable ai approach,"Sharma H, Xiao YI, Tumanova V, Salekin A.",2022,10.1145/3550326,"PubMed, Scopus, WoS",niños en edad preescolar,"CNN, RNN y LSTM",Fisiológicos (respuestas en condiciones neutrales y de narración)       ,"intensidad del estado afectivo, desde la calma hasta la gran excitación o alerta ","ML, DL y redes neuronales, CNN, RNN, LSTM y MIL",No reporta,No reporta,"1. la identificación y visualización de diferencias de patrones temporales segundo a segundo en la excitación fisiológica de niños en edad preescolar que tartamudean (CWS) y aquellos que no lo hacen (CWNS) mientras hablan con fluidez perceptual en condiciones desafiantes. 
2. El estudio también desarrolló y evaluó clasificadores para diferenciar CWS de CWNS en función de sus respuestas fisiológicas durante situaciones estresantes y tareas de narración. 
3. Además, el estudio empleó modelos de aprendizaje profundo, como redes neuronales convolucionales (CNN), redes neuronales recurrentes (RNN) y modelos de memoria a corto plazo (LSTM), para analizar e interpretar los patrones de respuesta fisiológicos distintivos de CWS de CWNS durante producción del habla en diferentes condiciones desafiantes p. 8p . 23 .  ","1. análisis de datos de sólo dos condiciones, lo que sugiere que el trabajo futuro podría beneficiarse del muestreo de datos de una gama más amplia de situaciones para determinar los límites de validez predictiva de los modelos.
2. Además, el alcance del estudio no incluye una evaluación del habla de los niños tartamudos. 
3. Los autores también señalan que el análisis multimodal de la acústica del habla y los parámetros fisiológicos podría ser una dirección de investigación futura. 
4. Además, el estudio reconoce la necesidad de una futura implementación y evaluación del enfoque sobre dispositivos portátiles para la comprensión longitudinal de la excitación fisiológica situacional de los niños tartamudos p. 23 . ",
"spatial statistical machine learning models to assess the relationship between development vulnerabilities and educational factors in children in queensland, australia","Draidi Areed W, Price A, Arnett K, Mengersen K.",2022,10.1186/s12889-022-14541-7,"PubMed, Scopus, WoS",niños (5 años),RF espaciales y NN,No especifica,No especifica,ML estadístico espacial como modelos RF espaciales y redes neuronales para datos espaciales,Censo Australiano de Desarrollo Temprano (AEDC) y la Oficina Australiana de Estadísticas (ABS) ,No reporta,"1. Los modelos de aprendizaje automático estadístico espacial, en particular el modelo de bosque aleatorio espacial (SRF), proporcionan un mejor ajuste en comparación con los modelos que ignoran la variación espacial de los datos. 
2. Se demostró que el modelo SRF es el único modelo capaz de explicar toda la variación espacial en cada una de las vulnerabilidades de desarrollo consideradas en el estudio de caso. 
3. El análisis espacial reveló que la asistencia al preescolar tiene una fuerte influencia en la vulnerabilidad del dominio de la salud física y la vulnerabilidad de la madurez emocional entre los niños en su primer año de escuela. 
4. La mayor asistencia al preescolar estuvo fuertemente asociada con una reducción de las vulnerabilidades del desarrollo físico y emocional entre los niños en su primer año de escuela a nivel de población de áreas pequeñas. 
5. El estudio enfatiza la importancia de considerar la naturaleza
espacial de los datos al ajustar modelos estadísticos de aprendizaje automático y proporciona información sobre los avances en las metodologías para aplicar el aprendizaje estadístico automático en la salud pública y comprender el desarrollo infantil en Queensland, Australia  p. 1  pág. 10  .","1. La dependencia de datos de encuestas en un nivel de agregación de área pequeña, lo que requiere precaución al hacer inferencias en otro nivel de agregación o sobre individuos debido a sesgos como la paradoja de Simpson y el problema de la unidad de área modificable. 
2. La necesidad de realizar más investigaciones para evaluar otras variables y su interacción, así como para evaluar si otros enfoques pueden proporcionar más información sobre el estudio de caso. 
3. El estudio se centra en la vecindad espacial definida en función de límites compartidos, que pueden no capturar toda la autocorrelación espacial relevante para el modelo de bosque aleatorio. 
4. La influencia potencial de otros factores, como el cuidado primario y la educación de los padres, el peso al nacer, la paternidad soltera y la sensibilidad cultural, en los resultados. 
5. La presencia de datos faltantes, que requirieron imputación utilizando promedios de vecindad espacial y la categoría de vecindad de mayor frecuencia para datos continuos y categóricos, respectivamente. 
6. La reducción del análisis a las 526 regiones restantes del Área Estadística Nivel 2 (SA2) debido a valores faltantes para dos islas sin vecinos contiguos  p. 10",
the correlation between brain structure characteristics and emotion regulation ability in children at high risk of autism spectrum disorder,"Ding N, Fu L, Qian L, Sun B, Li C, Gao H, Lei T, Ke X.",2024,10.1007/s00787-024-02369-y,"PubMed, Scopus, WoS",,,,,,,,,,"Excluido, no esta en sci-hub"
the performance of emotion classifiers for children with parent-reported autism: quantitative feasibility study,"Kalantarian H, Jedoui K, Dunlap K, Schwartz J, Washington P, Husic A, Tariq Q, Ning M, Kline A, Wall DP.",2020,10.2196/13174,"PubMed, Scopus, WoS",niños con autismo,No especifica,Imágenes ,"alegría, tristeza, sorpresa, disgusto y enfado","ML e IA con Microsoft Azure Emotion API, Amazon AWS Rekognition, Google Cloud Vision API y Sighthound",Cohn-Kanade y Belfast,No reporta,"1. Los clasificadores de emociones disponibles para el público en general a través de Microsoft, Amazon, Google y Sighthound se adaptan bien a la población pediátrica y podrían usarse para desarrollar terapias móviles dirigidas a aspectos de la comunicación e interacción social  p. 2  . 
2. El estudio evaluó la precisión y el rendimiento de varios clasificadores de última generación utilizando datos de imágenes de niños con autismo informado por los padres, proporcionando información sobre la viabilidad de utilizar estas API en futuros enfoques de terapia móvil  p. 2  . 
3. El estudio también destacó el potencial de las soluciones móviles y digitales modernas, aprovechando los avances recientes en visión por computadora, realidad aumentada, robótica e inteligencia artificial para poblaciones con retrasos en el desarrollo, como el autismo  p 4  . ","1. Análisis de solo un subconjunto de clasificadores de emociones existentes, enfatizando los de los principales proveedores de servicios en la nube, con esfuerzos futuros necesarios para ampliar la evaluación para incluir clasificadores menos prolíficos que requieren licencias pagas  p. 10  . 
2. La confianza en los diagnósticos informados por los padres, que pueden no siempre ser objetivos, y la falta de descartar todas las condiciones comórbidas, incluido el trastorno por déficit de atención con hiperactividad, que se ha demostrado que afecta el procesamiento y la función emocional en los niños  p. 10  
3. Distribución desigual de fotogramas entre categorías de emociones en el conjunto de datos utilizado, que puede estar relacionada con déficits sociales asociados con el autismo o una mayor prevalencia de ciertas emociones debido a la naturaleza inherente del juego  p. 10  . ",
training and profiling a pediatric facial expression classifier for children on mobile devices: machine learning study,"Banerjee A, Mutlu OC, Kline A, Surabhi S, Washington P, Wall DP.",2023,10.2196/39917,"PubMed, Scopus, WoS",niños (2-8 años),CNN,Imágenes ,No especifica,"ML, CNN y técnicas de optimización","Conjunto de imágenes de rostros emocionales infantiles del Instituto Nacional de Salud Mental (NIMH‐ChEFS), la expresión facial Phoenix (FePh), los rostros emocionales dirigidos por Karolinska (KDEF), el KDEF promedio (AKDEF) y la base de datos de Dartmouth de rostros de niños (Dartmouth), conjunto de datos extendido de Cohn-Kanade (CK+), expresión facial femenina japonesa (JAFFE), conjunto de datos de rostros de Radboud (RaFD), conjunto de expresiones faciales de NimStim (NimStim) y base de datos de expresiones faciales de Tsinghua (Tsinghua-FED)",No reporta,"1. la implementación exitosa del reconocimiento automatizado de expresiones faciales en dispositivos móviles para niños. 
2. El estudio destaca la importancia de entrenar clasificadores en niños en lugar de adultos y evalúa el desempeño de los modelos frente a diferentes grupos étnicos. 
3. El mejor modelo logró resultados de última generación en el reconocimiento de expresiones para niños y al mismo tiempo fue lo suficientemente eficiente como para realizar inferencias en tiempo real en un teléfono Motorola Moto G6. 
4. Además, el estudio identificó varios grupos étnicos que obtuvieron peores resultados debido a que estaban subrepresentados en los datos de entrenamiento. ","1. la evaluación del rendimiento de los modelos frente a un solo conjunto de datos (CAFE), lo que indica la necesidad de realizar una evaluación adicional de conjuntos de datos con más heterogeneidad para evaluar mejor la generalización de los modelos. 
2. Además, el estudio señaló que las etiquetas de las imágenes GuessWhat tenían demasiado ruido después de la limpieza y requerían etiquetas más precisas para ser un conjunto de datos de evaluación confiable. 
3. Además, el perfil de los modelos se limitó a un teléfono Moto G6, y el estudio sugirió la necesidad de realizar pruebas más exhaustivas en dispositivos con menos potencia computacional y diferentes sistemas operativos.
4. Finalmente, el estudio reconoció que pueden ser necesarios modelos más grandes para generalizar a datos con más expresiones p. 8",
utilisation of machine learning to predict surgical candidates for the treatment of childhood upper airway obstruction,"Liu X, Pamula Y, Immanuel S, Kennedy D, Martin J, Baumert M.",2022,10.1007/s11325-021-02425-w,"PubMed, Scopus, WoS",,,,,,,,,,"Excluido, no esta en sci-hub"
withdrawal ruptures in adolescents with borderline personality disorder psychotherapy are marked by increased speech pauses-can minimal responses be automatically detected?,"Künsch C, Fürer L, Steppan M, Schenk N, Blum K, Kaess M, Koenig J, Schmeck K, Zimmermann R.",2023,10.1371/journal.pone.0280329,"PubMed, Scopus, WoS",adolescentes (13-19 años),RF,Audio,No reporta,"ML, algoritmo de RF",Datos propios,No reporta,"1. uso de pausas del habla para detectar automáticamente rupturas de abstinencia en adolescentes con trastorno límite de la personalidad durante la psicoterapia. 
2. El estudio encontró que las pausas del habla, particularmente aquellas asociadas con marcadores de respuesta mínima, pueden usarse para detectar rupturas por abstinencia. 
3. Además, se observó que las rupturas por abstinencia están marcadas por un aumento de las pausas del habla, y el estudio predijo con éxito rupturas marcadas con respuestas mínimas basadas en pausas con alta precisión p. 3p. 12 . ","1. Tamaño de muestra pequeño, la necesidad de personal capacitado para calificar las sesiones de psicoterapia y la naturaleza intensiva en recursos del proceso de observación. 
2. Además, el estudio enfrentó desafíos relacionados con dificultades técnicas y errores humanos al registrar y guardar datos de las sesiones de psicoterapia. 
3. Además, el estudio se vio limitado por la falta de un modelo integral para observar las sesiones psicoterapéuticas momento a momento, lo cual es esencial para detectar rupturas de abstinencia p. 2p . 4 . ",